wZ,ݒn,fy,fx,flag0=ng1=ok2=HywZz
wZ,s{ssk揬쒬RR,35.029045,135.728766,0
uЏqwZ,s{ss㋞捡oʎ,35.03135,135.76707,0
w@wZ,s{ss㋞扺ʉGېܒڒPVQ\Q,35.01886,135.74455,1
skwZ,s{ss操RɉTO,34.93218,135.77934,0
uЍwZ,s{ssq뒬WX,35.06765,135.78648,0
RwZ,s{ssiϓTP,35.01393,135.79518,0
swZ,s{ss扪~T,35.01107,135.78056,1
m[g_w@wZ,s{ss掭PJJPPO,35.01969,135.79672,1
s؊wwZ,s{ssgc͌T\P,35.02396,135.77322,0
smwZ,s{ssp|PR,35.00788,135.73366,0
zwZ,s{ss搼mtW,35.01723,135.72771,0
ؒqwZ,s{ssRщR\STU,35.00636,135.77971,0
JwZ,s{ssR捡FrcPQ,34.98451,135.77219,0
sqwZ,s{ssR捡FkgPV,34.99082,135.77739,1
swZ,s{ss}R\W,34.96566,135.6808,0
JwtwZ,s{ss{ʎ퉮RO,34.99467,135.74887,0
썂wZ,s{sspʔ铌TTX,34.98267,135.74693,0
s؍wZ,s{ssE搼ɖcRX,34.99551,135.71844,1
ԉwZ,s{ssEԉؒҖkP,35.02169,135.72302,0
sO吼wZ,s{ssERmcRV,35.00538,135.71889,1
sw@wZ,s{ss[cJP,34.95864,135.7731,1
ꓕwZ,s{ssRȋlm{RQX\PR,34.99724,135.82544,0
ىFwZ,s{FsL쒬JRR\P,34.87003,135.79927,1
sRwZ,s{s˒ӂQT,34.94852,135.70053,0
uЍۍwZ,s{cӎsXsJUO\P,34.80236,135.77278,2
sJ^iwZ,s{OsP\VW,35.10447,135.47595,0
s͍wZ,s{ss}B|QU,34.97423,135.64819,0
swwZ,s{ssEԉmW,35.02523,135.72243,1
ٍwZ,s{sqP\P\P,34.91328,135.69337,1
sĉpwZ,s{Fs䷓_RR\PO,34.89691,135.8121,0
s|pwZ,s{Fs܃PYU\Q,34.91341,135.8046,0
sۍwZ,s{ssR捡F{RP,34.97532,135.78133,2
sYƑwwZ,s{ss撆wP\PO,34.99818,135.74487,0
sAwٍwZ,s{ySؒ_SW,34.77842,135.78699,0
卂wZ,Ɍ_ˎs招kW\T\P,34.71844,135.26869,0
b쏗qwZ,Ɍ_ˎsXkT\U\P,34.73365,135.29025,0
_ˊCqw@wZ,Ɍ_ˎsJQ\V\P,34.71342,135.213,0
wZ,Ɍ_ˎsJR\S\SV,34.71439,135.21213,0
ZbwZ,Ɍ_ˎsRQ\S\P,34.72598,135.22757,0
_ˊw@wwZ,Ɍ_ˎsɋRP\V\P,34.67995,135.16049,1
_ˏՏqwZ,Ɍ_ˎscrc㒬XQ,34.66742,135.1425,0
_ː鍂wZ,Ɍ_ˎs{΂uP\PQ\P,34.68005,135.11415,0
_˖cwZ,Ɍ_ˎscC^U\P\V,34.64931,135.14079,1
_ˑHƍwZ,Ɍ_ˎscܔԒW\T,34.66795,135.14972,0
pwZ,Ɍ_ˎsc撷Q\P\PT,34.66843,135.13371,0
{wwZ,Ɍ_ˎs{hR\PT\PS,34.66179,135.12889,0
썂wZ,Ɍ_ˎs{cQ\P\P,34.6633,135.13182,1
{mYwZ,Ɍ_ˎs{sKQ\V\R,34.64552,135.12163,0
wwZ,Ɍ_ˎs̕~RR\U\SX,34.63769,135.04176,0
_ˍۑwwZ,Ɍ_ˎswuT\P\P,34.65909,135.06119,0
[w@wZ,Ɍ_ˎs{扡X\T\P,34.66883,135.10576,0
_ˎR菗qwZ,Ɍ_ˎszKRU\P,34.69616,135.17833,0
_˗JwZ,Ɍ_ˎs撆ʂT\R\P,34.71121,135.2054,1
_ˑꍂwZ,Ɍ_ˎs敘PJP,34.71233,135.19154,0
_`wZ,Ɍ_ˎsR{ʂS\PX\QO,34.69546,135.18367,0
wwZ,ɌF{s΂P\X\SW,34.3459,134.87665,0
b썂wZ,ɌsR蒬RP\R,34.74666,135.30022,2
wwZ,ɌsZ[PU\PW,34.75523,135.30971,1
OcwwZ,ɌOcs삪uQ\PR\UT,34.87644,135.21658,0
OcwZ,ɌOcslc҂PSRO,34.94926,135.1582,0
_ˍOˊwwZ,Ɍ_ˎskRcRPO\S,34.73338,135.16434,0
񍂓wZ,Ɍ_ˎstU\QR,34.70456,134.99295,2
eaqwZ,Ɍ_ˎsyRU\P,34.72721,135.24205,0
_ˍۍwZ,Ɍ_ˎs{捂qV\QP\P,34.65596,135.10072,0
wwEwZ,ɌF{s΂P\X\SW,34.3459,134.87665,0
mwPHwZ,ɌPHsʂPUXX,34.87885,134.6508,2
ɌdwZ,ɌPHsL򒬂WR,34.8236,134.68945,1
qw@wZ,ɌPHs{UW,34.84314,134.69354,0
~Sw@wZ,ɌPHs{UW,34.84314,134.69354,0
ˍwZ,ɌsɒɂQQUO,34.80208,134.77196,0
s썂wZ,Ɍ_Ss쒬ӂVVU\PW,34.98892,134.77206,0
m{wwZ,ɌPHsCWXO,34.91783,134.729,0
RuwZ,ɌPHsOˑqTUU,34.96333,134.63884,0
wwZ,Ɍs쒬ȌeQW\Q,35.15798,134.75931,0
shwwZ,s{mRsUQ\T,35.28737,135.11304,0
mRiwZ,s{mRsRU\PO,35.29055,135.10114,0
mRwZ,s{mRsxRSVP\P,35.28434,135.13628,1
wZ,s{ߎsvRWP,35.45284,135.33948,0
sŐwZ,s{{ÎsqRO,35.55055,135.21272,0
ߋEwLwZ,ɌLs˖qPOO,35.52605,134.80219,2
uxewZ,{s󍁎RP\Q\QO,34.58416,135.49725,0
w@wZ,{suS\R\RO,34.55222,135.46797,1
ŗٍwZ,{s搼PXS\P,34.5124,135.54204,1
㏤Ƒw䍂wZ,{sx㒬RTW,34.53013,135.4848,0
ߋEwBwZ,{ݘacsRTTW,34.42,135.43535,1
ŌwZ,{͓s풬POXO,34.4712,135.56004,0
wwZ,{͓sLUQR,34.44473,135.57814,0
wwZ,{s͍Q\PO\UT,34.56997,135.54358,0
CwZ,{ΎsT\V\US,34.51717,135.42937,0
HߊwwZ,{ΎsH߂P\PP\TV,34.53569,135.44449,0
ˎRw@PuwZ,{s搰S\Q\P,34.49059,135.53305,
̈wQwZ,{SF撬P\P,34.38026,135.35927,0
؍wZ,{sҔVPTPV,34.51654,135.51508,0
zwZ,{sԋ撩P\P\X,34.68524,135.46144,0
ǎw@OwZ,{sOP\R\QO,34.68945,135.51968,2
wZ,{s{S\P\QR,34.68395,135.49902,0
㏗w@wZ,{sʑQ\QU\TS,34.677,135.52841,1
鐯wwZ,{sʑQ\QR\QU,34.677,135.52841,0
[zuwwZ,{sV搶ʎV\VQ,34.66157,135.51247,1
wZ,{sV΃PҒPQ\PU,34.66353,135.5217,0
{wZ,{sVV{R\PU,34.66214,135.52071,0
wZ,{sVaT\SS,34.67249,135.52582,0
wZ,{sV掛cP\S\QU,34.65183,135.52173,0
㐯w@wZ,{sVlP\U,34.65639,135.51241,0
lVwZ,{sVlVP\PP\VR,34.65479,135.5159,0
wZ,{sk嗄R\R\V,34.7008,135.48154,1
DwqwZ,{sMR\W\QQ,34.70981,135.45,0
㍂wZ,{s摊Q\PW\TP,34.75748,135.53552,0
㐬qwZ,{s摊R\PO\UQ,34.75808,135.53813,1
֐wkzwZ,{sVP\R\QU,34.7452,135.52873,0
v[w@wZ,{s揟RkP\PX\RP,34.65636,135.52872,0
񐯊wwZ,{s揟RQ\U\RW,34.65326,135.53094,0
֐wwZ,{s揬HS\P\QU,34.65711,135.55727,2
ĊwwZ,{s{T\PU\P,34.72989,135.54808,0
JwZ,{s铌]P\X\X,34.70181,135.53851,0
YƑwwZ,{s铌ÎsP\QO\QU,34.70746,135.55719,1
Mw@wZ,{s铌ÎsQ\V\RO,34.71074,135.5575,0
JwZ,{s{拤ʂQ\W\S,34.6391,135.50607,0
JwZ,{sOQ\Q\Q,34.50235,135.51498,1
Rw@wZ,{s{揺aR\P\US,34.62806,135.51761,1
ׂĊwwZ,{s{VQ\W\PX,34.64218,135.52412,0
w@wZ,{s{敶̗R\PT\V,34.63591,135.52234,0
ˎRw@wZ,{sZgˎRR\PO\TP,34.62088,135.49945,0
w|wZ,{sZg撷P\S\PT,34.61512,135.51218,1
w@wZ,{sZgn]Q\S\S,34.60833,135.49518,0
QwZ,{sZgRVQ\PR\TV,34.59718,135.50128,0
wwZ,{sZgƃPucQ\PS\PO,34.60881,135.53699,0
p^wwZ,{s\OT\S\RW,34.72464,135.48439,0
~ԍwZ,{Ls쐼P\T\RO,34.79125,135.4711,1
ЍwZ,{LsS\R\PX,34.77397,135.47934,0
ʎRwwZ,{Ls{RS\QP\P,34.81034,135.46306,0
^wZ,{rcsQ\R\PQ,34.80959,135.43661,0
痢wZ,{csT\QT\Q,34.82792,135.50728,0
w@wwZ,{cs쐳R\PQ\P,34.77,135.54428,1
֐wꍂwZ,{csR蒬R\R\QS,34.77028,135.51024,0
΍wZ,{ΎsǖؒQ\T,34.84813,135.62845,0
㍂wZ,{ΎsqP\R\P,34.86976,135.66399,0
㍑ۑacwZ,{scU\QP\TV,34.74689,135.60416,0
dCʐMwwZ,{sgVP\T\PW,34.7364,135.57207,0
㍑ۑ䍂wZ,{sn꒬Q\W\QS,34.72704,135.5621,1
Č[wwZ,{s֖{P\PR\QP,34.81917,135.65706,0
cۗˍwZ,{؎shvV\QO\P,34.84579,135.52618,0
ǎw@wZ,{؎sЂQ\P\PT,34.84807,135.55835,2
֐qwZ,{؎sRQ\PS\P,34.84938,135.54237,0
s[GwwZ,{xcюsuQOTT,34.52283,135.60069,0
㐹ꏗw@wZ,{Qs䒬PW\PO,34.78136,135.63608,1
uЍwZ,{QsO쒬PT\P,34.77351,135.63573,0
lwwZ,{哌swU\ST,34.73056,135.6409,0
w@wwZ,{哌sV\Q\QR,34.7047,135.59575,0
폸Vw@wZ,{ʎs@ӒJP\PR\QR,34.83577,135.48013,1
ʊwwZ,{ʎsʂV\V\RP,34.83407,135.46495,0
֐ȊwwwZ,{sPuR\PP\P,34.56081,135.6377,0
wwZ,{s{T\XXR,34.59097,135.6144,0
Opw@wZ,{ےÎsP\S\P,34.77839,135.54947,1
čwZ,{ےÎsOR\T\RU,34.77817,135.55461,1
㏗qZwwZ,{䎛stuR\W\P,34.56959,135.58978,0
ߋEwwZ,{s]VT\R\P,34.65085,135.59554,1
whwZ,{swR\P\P,34.6759,135.58096,0
wZ,{sHS\Q\QU,34.66184,135.57771,2
AiwwZ,{s]VR\P\W,34.65679,135.59537,0
㏤ƑwwZ,{s~hS\P\PO,34.66683,135.58466,0
֐nwZ,{sR\QO\P,34.78368,135.69731,2
Sw@wZ,ɌsቤQ\PW\Q,34.74865,135.43668,0
cwwZ,ɌsˌP\QS\PU,34.75046,135.41328,0
֐w@,Ɍ{sPԒP\PTT,34.77109,135.34683,2
ɐ쏗qwwZ,Ɍ{s}쒬S\PU,34.71241,135.36316,1
_ˏw@w,Ɍ{scRS\P,34.75694,135.35013,0
gw@wZ,Ɍ{s_Q\QO,34.75667,135.33081,1
bqw@wZ,Ɍ{sђS\QT,34.74334,135.36975,1
mw@wZ,Ɍ{sbQ\PR\X,34.76979,135.36098,0
bzw@wZ,Ɍ{spΒR\PRW,34.76085,135.31656,0
ѐSqw@wZ,Ɍˎs̒R\PPR,34.78608,135.35258,0
_uwwZ,Ɍˎs_uS\Q\P,34.82523,135.39964,0
CwtwZ,{suUO\P,34.8051,135.66829,0
ŕxcэwZ,{xcюsޕPWOP,34.47129,135.58995,0
wwZ,{sZV]`kQ\U\PO,34.63522,135.40532,1
wZ,{ΎsOR\Q\P,34.83908,135.64424,0
wZ,{sP\UR,34.6152,135.62259,0
wZ,{sZg打Q\R\PR,34.59681,135.49785,1
古wwZ,{LsqP\Q\P,34.76439,135.46338,2
ˈwZ,{哌s_R\P\P,34.7074,135.64549,0
lVHguwZ,{HgswOR\P\P,34.54668,135.58386,0
֐w@痢ۍ,{ʎs쌴S\S\PU,34.82969,135.50844,2
{qwZ,{͓SqqPOTR,34.51577,135.6373,0
񓿊wwZ,Ɍ{ssT\QW\PX,34.76667,135.37029,2
w|wZ,{sZg撷P\T\W,34.61512,135.51218,0
썂wZ,{؎scS\T\PP,34.84175,135.58241,0
֐w,{Ύs~V\P,34.85524,135.62262,2
